{
  "timestamp": "20250708_184306",
  "random_forest": {
    "accuracy": 0.925,
    "f1_macro": 0.7914434179289866,
    "f1_weighted": 0.9193377137859312,
    "precision_macro": 0.9004031729382458,
    "recall_macro": 0.725745584618824,
    "confusion_matrix": [
      [
        14,
        14,
        0
      ],
      [
        2,
        489,
        6
      ],
      [
        0,
        23,
        52
      ]
    ]
  },
  "logistic_regression": {
    "accuracy": 0.925,
    "f1_macro": 0.7444993970964973,
    "f1_weighted": 0.913950516460762,
    "precision_macro": 0.9723247232472324,
    "recall_macro": 0.6582539682539682,
    "confusion_matrix": [
      [
        9,
        19,
        0
      ],
      [
        0,
        497,
        0
      ],
      [
        0,
        26,
        49
      ]
    ]
  }
}